---,Type,Group,Name,BodyColor
1,1,1,Player,"(R=0.000000,G=0.000000,B=0.000000,A=0.000000)"
2,2,1,Companion,"(R=0.000000,G=0.000000,B=0.000000,A=0.000000)"
3,3,2,Evil Sword,"(R=0.000000,G=0.000000,B=0.000000,A=0.000000)"
4,4,2,Evil Hammer,"(R=0.000000,G=0.000000,B=0.000000,A=0.000000)"
5,5,2,Evil Fist,"(R=0.000000,G=0.000000,B=0.000000,A=0.000000)"
