---,Type,Group,Name,BodyColor
1,1,1,Player,"(R=0.000000,G=0.000000,B=0.000000,A=0.000000)"
2,2,1,Companion,"(R=0.000000,G=0.000000,B=0.000000,A=0.000000)"
3,3,2,Enemy_1,"(R=0.000000,G=0.000000,B=0.000000,A=0.000000)"
4,4,3,Enemy_2,"(R=0.000000,G=0.000000,B=0.000000,A=0.000000)"
