---,Name,GroupIndex,BodyColor
1,Player,0,"(R=0.000000,G=0.000000,B=0.000000,A=0.000000)"
2,Enemy,1,"(R=0.000000,G=0.000000,B=0.000000,A=0.000000)"
3,Companion,2,"(R=0.000000,G=0.000000,B=0.000000,A=0.000000)"
